"archivo","ubicacion","codigo_postal","localidad","telefono_tienda","fecha","hora","op","factura_simplificada","importe_total","N.C","AID","AUT","ARC","tipos_iva"
"20231125 Mercadona 37,76 Ôé¼.pdf","CTRA. GARRUCHA A VERA S/N","04630","GARRUCHA","950133380","25/11/2023","09:09","78800","2916-010-520925","37,76","072700743","A0000000031010","612848","3030","10%, 21%"
"20231201 Mercadona 86,70.pdf","AVDA. VALENCIA 41","03830","MURO DE ALCOY","966516066","01/12/2023","14:41","149530","2233-011-451305","86,70","003586427","A0000000041010C0000601","744184","3030","10%, 21%, 0%"
"20231205 Mercadona 58,00.pdf","AVDA. VALENCIA 41","03830","MURO DE ALCOY","966516066","05/12/2023","20:44","149624","2233-011-452354","58,00","003586427","A0000000041010C0000601","480053","3030","10%, 5%, 0%"
"20231213 Mercadona 29,34.pdf","C/ ALICANTE 83","03801","ALCOI/ALCOY","965366422","13/12/2023","19:36","79063","4530-017-211832","29,34","034903088","A0000000041010C0000601","283774","3030","10%, 21%, 0%"
"20231215 Mercadona 3,20.pdf","AVDA. VALENCIA 41","03830","MURO DE ALCOY","966516066","15/12/2023","15:21","366720","2233-010-731651","3,20","003586427","A0000000041010C0000601","918924","3030","10%"
"20231218 Mercadona 60,47 O╠ée╠ü┬╝.pdf","C/ MENORCA (C.C. AQUA) 19","46023","VALENCIA","963319378","18/12/2023","18:56","377449","3075-010-680549","60,47","077763746","A0000000041010","580666","3030","10%, 21%, 5%, 0%"
"20231218 Mercadona 60,47.pdf","C/ MENORCA (C.C. AQUA) 19","46023","VALENCIA","963319378","18/12/2023","18:56","377449","3075-010-680549","60,47","077763746","A0000000041010","580666","3030","10%, 21%, 5%, 0%"
"20231222 Mercadona 68,39.pdf","AVDA. VALENCIA 41","03830","MURO DE ALCOY","966516066","22/12/2023","13:25","4731","2233-024-036352","68,39","003586427","A0000000041010C0000601","747338","3030","10%, 21%, 0%"
"20231224 Mercadona 37,49 O╠ée╠ü┬╝.pdf","C/ VALENCIA S/N","03178","BENIJOFAR","966713008","24/12/2023","13:41","211165","3095-015-301952","37,49","047072319","A0000000041010","077266","3030","10%, 21%, 0%"
"20231224 Mercadona 37,49.pdf","C/ VALENCIA S/N","03178","BENIJOFAR","966713008","24/12/2023","13:41","211165","3095-015-301952","37,49","047072319","A0000000041010","077266","3030","10%, 21%, 0%"
"20231226 Mercadona 112,02.pdf","AVDA. DEL TEXTIL 21","46870","ONTINYENT","961484834","26/12/2023","14:05","67201","4478-018-148652","112,02","036623437","A0000000041010C0000601","382935","3030","10%, 21%, 5%, 0%"
"20231226 Mercadona 25,83 O╠ée╠ü┬╝.pdf","C/ MENORCA (C.C. AQUA) 19","46023","VALENCIA","963319378","26/12/2023","19:20","390814","3075-015-438485","25,83","077763746","A0000000041010","206584","3030","10%, 0%"
"20231226 Mercadona 25,83.pdf","C/ MENORCA (C.C. AQUA) 19","46023","VALENCIA","963319378","26/12/2023","19:20","390814","3075-015-438485","25,83","077763746","A0000000041010","206584","3030","10%, 0%"
"20231230 Mercadona 31,37 Ôé¼.pdf","CTRA. GARRUCHA A VERA S/N","04630","GARRUCHA","950133380","30/12/2023","13:38","141716","2916-018-426836","31,37","072700743","A0000000031010","999226","3030","10%, 21%"
"20231230 Mercadona 66,30 O╠ée╠ü┬╝.pdf","C/ PERIODISTA AZZATI 26","46520","SAGUNT/SAGUNTO","961485847","30/12/2023","11:19","374641","4347-013-224145","66,30","049390115","A0000000041010","967076","3030","10%, 21%, 0%"
"20231230 Mercadona 66,30.pdf","C/ PERIODISTA AZZATI 26","46520","SAGUNT/SAGUNTO","961485847","30/12/2023","11:19","374641","4347-013-224145","66,30","049390115","A0000000041010","967076","3030","10%, 21%, 0%"
"20240102 Mercadona 70,04 O╠ée╠ü┬╝.pdf","C/ MENORCA (C.C. AQUA) 19","46023","VALENCIA","963319378","02/01/2024","12:47","391141","3075-011-817648","70,04","077763746","A0000000041010","473418","3030","10%, 21%, 0%"
"20240102 Mercadona 70,04.pdf","C/ MENORCA (C.C. AQUA) 19","46023","VALENCIA","963319378","02/01/2024","12:47","391141","3075-011-817648","70,04","077763746","A0000000041010","473418","3030","10%, 21%, 0%"
"20240102 Mercadona 76,74.pdf","AVDA. VALENCIA 41","03830","MURO DE ALCOY","966516066","02/01/2024","20:27","390830","2233-021-391144","76,74","003586427","A0000000041010C0000601","303703","3030","10%, 21%, 5%, 0%"
"20240103 Mercadona 25,28.pdf","AVDA. VALENCIA 41","03830","MURO DE ALCOY","966516066","03/01/2024","11:45","931","2233-012-095411","25,28","003586427","A0000000041010C0000601","439266","3030","10%, 0%"
"20240103 Mercadona 31,16.pdf","C/ ALICANTE 83","03801","ALCOI/ALCOY","965366422","03/01/2024","14:11","375866","4530-013-365885","31,16","034903088","A0000000031010","114111","3030","10%, 21%, 0%"
"20240108 Mercadona 83,73 O╠ée╠ü┬╝.pdf","C/ MENORCA (C.C. AQUA) 19","46023","VALENCIA","963319378","08/01/2024","17:13","391141","3075-010-693348","83,73","077763746","A0000000041010","818883","3030","10%, 21%, 5%, 0%"
"20240108 Mercadona 83,73.pdf","C/ MENORCA (C.C. AQUA) 19","46023","VALENCIA","963319378","08/01/2024","17:13","391141","3075-010-693348","83,73","077763746","A0000000041010","818883","3030","10%, 21%, 5%, 0%"
"20240108 Mercadona 91,26.pdf","C/ ALICANTE 83","03801","ALCOI/ALCOY","965366422","08/01/2024","17:59","116490","4530-014-331237","91,26","034903088","A0000000031010","397251","3030","10%, 21%, 5%, 0%"
"20240109 Mercadona 7,35 O╠ée╠ü┬╝.pdf","C/ MENORCA (C.C. AQUA) 19","46023","VALENCIA","963319378","09/01/2024","19:30","67594","3075-016-207716","7,35","077763746","A0000000041010","455007","3030","10%, 0%"
"20240109 Mercadona 7,35.pdf","C/ MENORCA (C.C. AQUA) 19","46023","VALENCIA","963319378","09/01/2024","19:30","67594","3075-016-207716","7,35","077763746","A0000000041010","455007","3030","10%, 0%"
"20240111 Mercadona 41,20 O╠ée╠ü┬╝.pdf","C/ MENORCA (C.C. AQUA) 19","46023","VALENCIA","963319378","11/01/2024","19:56","64426","3075-013-696429","41,20","077763746","A0000000041010","791356","3030","10%, 21%, 0%"
"20240111 Mercadona 41,20.pdf","C/ MENORCA (C.C. AQUA) 19","46023","VALENCIA","963319378","11/01/2024","19:56","64426","3075-013-696429","41,20","077763746","A0000000041010","791356","3030","10%, 21%, 0%"
"20240112 Mercadona 135,59.pdf","C/ ALICANTE 83","03801","ALCOI/ALCOY","965366422","12/01/2024","18:05","79592","4530-015-048270","135,59","034903088","A0000000031010","458501","3030","10%, 21%, 5%, 0%"
"20240112 Mercadona 21,26.pdf","AVDA. VALENCIA 41","03830","MURO DE ALCOY","966516066","12/01/2024","14:18","366720","2233-020-616378","21,26","003586427","A0000000041010C0000601","708965","3030","10%, 21%, 0%"
"20240115 Mercadona 117,41 O╠ée╠ü┬╝.pdf","C/ MANUEL CANDELA 16","46021","VALENCIA","961624385","15/01/2024","17:15","60700","4583-016-397921","117,41","034903138","A0000000041010","728411","3030","10%, 5%, 0%"
"20240115 Mercadona 117,41.pdf","C/ MANUEL CANDELA 16","46021","VALENCIA","961624385","15/01/2024","17:15","60700","4583-016-397921","117,41","034903138","A0000000041010","728411","3030","10%, 5%, 0%"
"20240119 Mercadona 38,99.pdf","AVDA. VALENCIA 41","03830","MURO DE ALCOY","966516066","19/01/2024","14:18","390830","2233-020-618950","38,99","003586427","A0000000041010C0000601","867460","3030","10%, 21%, 0%"
"20240120 Mercadona 124,56.pdf","C/ ALICANTE 83","03801","ALCOI/ALCOY","965366422","20/01/2024","13:16","79063","4530-018-238935","124,56","034903088","A0000000031010","963411","3030","10%, 21%, 0%"
"20240123 Mercadona 44,13 O╠ée╠ü┬╝.pdf","C/ MANUEL CANDELA 16","46021","VALENCIA","961624385","23/01/2024","20:27","93820","4583-018-189944","44,13","034903138","A0000000041010","421887","3030","10%, 21%, 0%"
"20240123 Mercadona 44,13.pdf","C/ MANUEL CANDELA 16","46021","VALENCIA","961624385","23/01/2024","20:27","93820","4583-018-189944","44,13","034903138","A0000000041010","421887","3030","10%, 21%, 0%"
"20240126 Mercadona 26,73.pdf","AVDA. VALENCIA 41","03830","MURO DE ALCOY","966516066","26/01/2024","14:27","183060","2233-021-395863","26,73","003586427","A0000000041010C0000601","723777","3030","10%, 21%, 5%, 0%"
"20240127 Mercadona 108,33 O╠ée╠ü┬╝.pdf","C/ PINTOR MAELLA 3","46023","VALENCIA","962564516","27/01/2024","14:57","389879","3957-014-351184","108,33","047199765","A0000000041010","273217","3030","10%, 21%, 0%"
"20240127 Mercadona 108,33.pdf","C/ PINTOR MAELLA 3","46023","VALENCIA","962564516","27/01/2024","14:57","389879","3957-014-351184","108,33","047199765","A0000000041010","273217","3030","10%, 21%, 0%"
"20240127 Mercadona 153,88.pdf","C/ ALICANTE 83","03801","ALCOI/ALCOY","965366422","27/01/2024","13:46","79063","4530-020-054189","153,88","034903088","A0000000031010","063441","3030","10%, 21%, 0%"
"20240131 Mercadona 16,82 O╠ée╠ü┬╝.pdf","C/ PINTOR MAELLA 3","46023","VALENCIA","962564516","31/01/2024","20:12","111435","3957-013-306655","16,82","047199765","A0000000041010","766042","3030","10%, 21%, 0%"
"20240131 Mercadona 16,82.pdf","C/ PINTOR MAELLA 3","46023","VALENCIA","962564516","31/01/2024","20:12","111435","3957-013-306655","16,82","047199765","A0000000041010","766042","3030","10%, 21%, 0%"
"20240202 Mercadona 132,73.pdf","C/ ALICANTE 83","03801","ALCOI/ALCOY","965366422","02/02/2024","19:19","390824","4530-013-377589","132,73","034903088","A0000000031010","899211","3030","10%, 21%, 0%"
"20240202 Mercadona 67,71.pdf","AVDA. VALENCIA 41","03830","MURO DE ALCOY","966516066","02/02/2024","14:27","390830","2233-020-623626","67,71","003586427","A0000000041010C0000601","418883","3030","10%, 21%, 0%"
"20240209 Mercadona 31,93.pdf","AVDA. VALENCIA 41","03830","MURO DE ALCOY","966516066","09/02/2024","12:42","149127","2233-021-398669","31,93","003586427","A0000000041010C0000601","786175","3030","4%, 10%, 21%, 0%"
"20240210 Mercadona 164,29.pdf","C/ ALICANTE 83","03801","ALCOI/ALCOY","965366422","10/02/2024","13:38","59209","4530-014-342224","164,29","034903088","A0000000031010","083231","3030","10%, 21%, 0%"
"20240215 Mercadona 104,63.pdf","AVDA. VALENCIA 41","03830","MURO DE ALCOY","966516066","15/02/2024","20:16","68134","2233-020-628230","104,63","003586427","A0000000041010C0000601","927497","3030","0%, 5%, 10%, 21%"
"20240216 Mercadona 5,77.pdf","AVDA. VALENCIA 41","03830","MURO DE ALCOY","966516066","16/02/2024","14:49","183060","2233-011-469231","5,77","003586427","A0000000041010C0000601","157615","3030","0%, 10%"
"20240216 Mercadona 8,50.pdf","AVDA. CARDENAL BENLLOCH 91","46021","VALENCIA","963612915","16/02/2024","21:19","388735","2473-021-290852","8,50","098100894","A0000000031010","194203","3030","10%"
"20240217 Mercadona 153,51.pdf","C/ ALICANTE 83","03801","ALCOI/ALCOY","965366422","17/02/2024","13:34","79063","4530-018-246015","153,51","034903088","A0000000031010","143531","3030","0%, 10%, 21%"
"20240219 Mercadona 72,85.pdf","PLAZA FRANCISCA NAVARRO 8","46100","BURJASSOT","963635840","19/02/2024","18:23","40133","2448-012-237007","72,85","098101330","A0000000031010","971774","3030","0%, 10%, 21%"
"20240223 Mercadona 12,10.pdf","AVDA. VALENCIA 41","03830","MURO DE ALCOY","966516066","23/02/2024","14:12","58986","2233-021-401360","12,10","003586427","A0000000041010C0000601","779062","3030","0%, 10%"
"20240224 Mercadona 152,53.pdf","C/ ALICANTE 83","03801","ALCOI/ALCOY","965366422","24/02/2024","13:30","66434","4530-016-087832","152,53","034903088","A0000000031010","103531","3030","0%, 10%, 21%"
"20240226 Mercadona 59,59.pdf","PLAZA FRANCISCA NAVARRO 8","46100","BURJASSOT","963635840","26/02/2024","18:42","117829","2448-014-523052","59,59","098101330","A0000000031010","973177","3030","0%, 10%"
"20240227 Mercadona 38,22.pdf","AVDA. VALENCIA 41","03830","MURO DE ALCOY","966516066","27/02/2024","17:51","205399","2233-011-471589","38,22","003586427","A0000000041010C0000601","494174","3030","0%, 10%, 21%"
"20240301 Mercadona 108,57.pdf","C/ ALICANTE 83","03801","ALCOI/ALCOY","965366422","01/03/2024","17:59","59209","4530-018-249357","108,57","034903088","A0000000031010","297051","3030","0%, 10%, 21%"
"20240301 Mercadona 30,79.pdf","AVDA. VALENCIA 41","03830","MURO DE ALCOY","966516066","01/03/2024","13:43","201273","2233-012-101904","30,79","003586427","A0000000041010C0000601","570363","3030","0%, 5%, 10%, 21%"
"20240301 Mercadona 89,18.pdf","CTRA. N-3 1","46340","REQUENA","962565747","01/03/2024","16:56","265739","3835-017-472201","89,18","066379314","A0000000031010","466844","3030","0%, 10%"
"20240304 Mercadona 11,90.pdf","C/ ALICANTE 83","03801","ALCOI/ALCOY","965366422","04/03/2024","10:22","59209","4530-014-349229","11,90","034903088","A0000000041010C0000601","478293","3030","0%, 21%"
"20240304 Mercadona 21,49.pdf","C/ ALICANTE 83","03801","ALCOI/ALCOY","965366422","04/03/2024","17:48","177535","4530-018-249939","21,49","034903088","A0000000031010","487341","3030","0%, 4%, 10%, 21%"
"20240304 Mercadona 82,81.pdf","PLAZA FRANCISCA NAVARRO 8","46100","BURJASSOT","963635840","04/03/2024","18:24","366924","2448-014-525162","82,81","098101330","A0000000031010","640084","3030","0%, 5%, 10%, 21%"
"20240305 Mercadona 18,34 Ôé¼.pdf","CTRA. GARRUCHA A VERA S/N","04630","GARRUCHA","950133380","05/03/2024","20:36","137841","2916-017-348133","18,34","072700743","A0000000031010","737413","3030","0%, 10%, 21%"
"20240308 Mercadona 31,76.pdf","AVDA. VALENCIA 41","03830","MURO DE ALCOY","966516066","08/03/2024","20:20","174605","2233-022-213473","31,76","003586427","A0000000041010C0000601","209284","3030","0%, 10%, 21%"
"20240309 Mercadona 139,38.pdf","C/ ALICANTE 83","03801","ALCOI/ALCOY","965366422","09/03/2024","11:53","59209","4530-021-052043","139,38","034903088","A0000000031010","631051","3030","0%, 10%, 21%"
"20240311 Mercadona 19,46.pdf","C/ ALICANTE 83","03801","ALCOI/ALCOY","965366422","11/03/2024","17:33","59209","4530-017-230543","19,46","034903088","A0000000031010","637331","3030","0%, 10%"
"20240311 Mercadona 47,82.pdf","PLAZA FRANCISCA NAVARRO 8","46100","BURJASSOT","963635840","11/03/2024","18:22","42963","2448-014-527290","47,82","098101330","A0000000031010","047289","3030","0%, 5%, 10%, 21%"
"20240316 Mercadona 158,38.pdf","C/ ALICANTE 83","03801","ALCOI/ALCOY","965366422","16/03/2024","12:07","93151","4530-021-052393","158,38","034903088","A0000000031010","072101","3030","0%, 10%, 21%"
"20240318 Mercadona 30,62.pdf","AVDA. VALENCIA 41","03830","MURO DE ALCOY","966516066","18/03/2024","12:02","149596","2233-021-405983","30,62","003586427","A0000000041010C0000601","286613","3030","0%, 5%, 10%, 21%"
"20240320 Mercadona 65,53.pdf","PLAZA FRANCISCA NAVARRO 8","46100","BURJASSOT","963635840","20/03/2024","20:04","42963","2448-014-529779","65,53","098101330","A0000000031010","702376","3030","0%, 5%, 10%"
"20240323 Mercadona 234,20.pdf","C/ ALICANTE 83","03801","ALCOI/ALCOY","965366422","23/03/2024","13:04","79063","4530-021-052628","234,20","034903088","A0000000031010","543501","3030","0%, 10%, 21%"
"20240323 Mercadona 9,66.pdf","C/ ALICANTE 83","03801","ALCOI/ALCOY","965366422","23/03/2024","13:05","79063","4530-021-052629","9,66","034903088","A0000000031010","853101","3030","0%, 10%"
"20240325 Mercadona 12,10 Ôé¼.pdf","CTRA. GARRUCHA A VERA S/N","04630","GARRUCHA","950133380","25/03/2024","15:53","110163","2916-010-582625","12,10","072700743","A0000000031010","349959","3030","21%"
"20240327 Mercadona 161,22.pdf","AVDA. VALENCIA 41","03830","MURO DE ALCOY","966516066","27/03/2024","13:53","149530","2233-024-039738","161,22","003586427","A0000000041010C0000601","163837","3030","0%, 5%, 10%, 21%"
"20240327 Mercadona 90,03  (1).pdf","C/ PINTOR PERIS ARAGÓ 34","46120","ALBORAIA/ALBORAYA","961204862","27/03/2024","19:24","104622","4523-015-405285","90,03","036426237","A0000000041010","664466","3030","0%, 10%, 21%"
"20240328 Mercadona 14,05.pdf","C/ ALICANTE 83","03801","ALCOI/ALCOY","965366422","28/03/2024","17:38","5244","4530-019-029305","14,05","034903088","A0000000031010","387531","3030","0%, 21%"
"20240330 Mercadona 135,52.pdf","C/ ALICANTE 83","03801","ALCOI/ALCOY","965366422","30/03/2024","12:08","116490","4530-013-398523","135,52","034903088","A0000000031010","782101","3030","0%, 10%, 21%"
"20240330 Mercadona 33,05.pdf","AVDA. VALENCIA 41","03830","MURO DE ALCOY","966516066","30/03/2024","14:24","197809","2233-010-775719","33,05","003586427","A0000000041010C0000601","248742","3030","0%, 10%, 21%"
"20240403 Mercadona 12,37  (1).pdf","C/ PINTOR PERIS ARAGÓ 34","46120","ALBORAIA/ALBORAYA","961204862","03/04/2024","14:23","62565","4523-015-407361","12,37","036426237","A0000000041010","231053","3030","0%, 10%"
"20240405 Mercadona 220,27.pdf","C/ ALICANTE 83","03801","ALCOI/ALCOY","965366422","05/04/2024","11:32","132263","4530-018-257378","220,27","034903088","A0000000031010","021131","3030","0%, 10%, 21%"
"20240406 Mercadona 144,17.pdf","C/ OLTÁ 64","46026","VALENCIA","963332164","06/04/2024","11:32","381803","2806-020-947472","144,17","098101850","A0000000031010","963352","3030","0%, 5%, 10%, 21%"
"20240410 Mercadona 12,87.pdf","AVDA. VALENCIA 41","03830","MURO DE ALCOY","966516066","10/04/2024","12:32","146509","2233-011-481233","12,87","003586427","A0000000041010C0000601","939727","3030","0%, 10%"
"20240410 Mercadona 17,05  (1).pdf","C/ PINTOR PERIS ARAGÓ 34","46120","ALBORAIA/ALBORAYA","961204862","10/04/2024","19:41","67569","4523-016-256029","17,05","036426237","A0000000041010","552439","3030","0%, 10%, 21%"
"20240412 Mercadona 17,39.pdf","C/ OLTÁ 64","46026","VALENCIA","963332164","12/04/2024","21:04","214374","2806-024-193022","17,39","098101850","A0000000031010","587407","3030","0%, 10%, 21%"
"20240412 Mercadona 50,36.pdf","AVDA. VALENCIA 41","03830","MURO DE ALCOY","966516066","12/04/2024","14:21","149596","2233-020-647393","50,36","003586427","A0000000041010C0000601","700884","3030","0%, 10%, 21%"
"20240413 Mercadona 82,65  (1).pdf","C/ PINTOR PERIS ARAGÓ 34","46120","ALBORAIA/ALBORAYA","961204862","13/04/2024","13:25","101446","4523-012-087058","82,65","036426237","A0000000041010","405809","3030","0%, 5%, 10%, 21%"
"20240415 Mercadona 33,08  (1).pdf","C/ PINTOR PERIS ARAGÓ 34","46120","ALBORAIA/ALBORAYA","961204862","15/04/2024","19:09","231126","4523-013-070489","33,08","036426237","A0000000041010","354323","3030","0%, 10%, 21%"
"20240415 Mercadona 49,74.pdf","C/ PUPUT 51","46184","SAN ANTONIO DE BENAGEBER","961603618","15/04/2024","17:09","98551","4488-021-557522","49,74","034601120","A0000000031010","271990","3030","0%, 10%, 21%"
"20240416 Mercadona 47,83.pdf","CARRERA MALILLA S/N","46026","VALENCIA","963345506","16/04/2024","17:04","57494","2544-011-806994","47,83","098101132","A0000000031010","144166","3030","0%, 10%, 21%"
"20240418 Mercadona 8,35  (1).pdf","C/ PINTOR PERIS ARAGÓ 34","46120","ALBORAIA/ALBORAYA","961204862","18/04/2024","16:18","66914","4523-021-427342","8,35","036426237","A0000000041010","706225","3030","0%, 10%"
"20240422 Mercadona 11,26.pdf","AVDA. VALENCIA 41","03830","MURO DE ALCOY","966516066","22/04/2024","10:08","197809","2233-010-785100","11,26","003586427","A0000000041010C0000601","969988","3030","0%, 10%"
"20240422 Mercadona 2,98 Ôé¼.pdf","C/ GENERAL AVILÉS 79","46015","VALENCIA","963462056","22/04/2024","09:02","221410","3106-011-789097","2,98","003990058","A0000000041010","354371","3030","10%"
"20240423 Mercadona 10,29  (1).pdf","C/ PINTOR PERIS ARAGÓ 34","46120","ALBORAIA/ALBORAYA","961204862","23/04/2024","20:53","131589","4523-010-230615","10,29","036426237","A0000000041010","525753","3030","0%, 10%"
"20240426 Mercadona 52,92.pdf","AVDA. VALENCIA 41","03830","MURO DE ALCOY","966516066","26/04/2024","14:24","174605","2233-021-413330","52,92","003586427","A0000000041010C0000601","994009","3030","0%, 10%, 21%"
"20240427 Mercadona 19,19  (1).pdf","C/ PINTOR PERIS ARAGÓ 34","46120","ALBORAIA/ALBORAYA","961204862","27/04/2024","11:14","67548","4523-021-432314","19,19","036426237","A0000000041010","140653","3030","0%, 10%, 21%"
"20240427 Mercadona 49,42  (1).pdf","C/ PINTOR PERIS ARAGÓ 34","46120","ALBORAIA/ALBORAYA","961204862","27/04/2024","20:02","67569","4523-021-432765","49,42","036426237","A0000000041010","020453","3030","0%, 10%, 21%"
"20240429 Mercadona 55,74 Ôé¼.pdf","C/ MENORCA (C.C. AQUA) 19","46023","VALENCIA","963319378","29/04/2024","17:58","346187","3075-010-710238","55,74","077763746","A0000000041010","285373","3030","0%, 5%, 10%, 21%"
"20240430 Mercadona 25,06 Ôé¼.pdf","C/ MENORCA (C.C. AQUA) 19","46023","VALENCIA","963319378","30/04/2024","19:31","97386","3075-010-711091","25,06","077763746","A0000000041010","257990","3030","0%, 10%, 21%"
"20240503 Mercadona 14,46.pdf","AVDA. DE LA HISPANIDAD 36","03804","ALCOI/ALCOY","965594200","03/05/2024","13:24","393332","3962-013-269488","14,46","047380712","A0000000041010C0000601","624227","3030","0%, 10%"
"20240504 Mercadona 67,95 Ôé¼.pdf","C/ MENORCA (C.C. AQUA) 19","46023","VALENCIA","963319378","04/05/2024","13:53","364696","3075-015-443638","67,95","077763746","A0000000041010","587851","3030","0%, 5%, 10%, 21%"
"20240506 Mercadona 32,65 .pdf","C/ PINTOR PERIS ARAGÓ 34","46120","ALBORAIA/ALBORAYA","961204862","06/05/2024","19:58","67569","4523-019-067150","32,65","036426237","A0000000041010","580953","3030","0%, 5%, 10%, 21%"
"20240514 Mercadona 10,06 .pdf","C/ PINTOR PERIS ARAGÓ 34","46120","ALBORAIA/ALBORAYA","961204862","14/05/2024","16:12","388776","4523-021-441018","10,06","036426237","A0000000041010","122753","3030","0%, 10%"
"20240514 Mercadona 14,42 .pdf","C/ PINTOR PERIS ARAGÓ 34","46120","ALBORAIA/ALBORAYA","961204862","14/05/2024","20:52","388776","4523-021-441270","14,42","036426237","A0000000041010","520053","3030","10%, 21%"
"20240516 Mercadona 3,90 Ôé¼.pdf","C/ MENORCA (C.C. AQUA) 19","46023","VALENCIA","963319378","16/05/2024","19:24","44143","3075-016-219397","3,90","077763746","A0000000041010","271158","3030","21%"
"20240518 Mercadona 1,75 .pdf","C/ PINTOR PERIS ARAGÓ 34","46120","ALBORAIA/ALBORAYA","961204862","18/05/2024","20:55","355872","4523-021-443852","1,75","036426237","A0000000041010","545853","3030","21%"
"20240518 Mercadona 68,57 Ôé¼.pdf","C/ VALENCIA S/N","03178","BENIJOFAR","966713008","18/05/2024","13:24","122513","3095-016-168515","68,57","047072319","A0000000041010","488676","3030","0%, 5%, 10%, 21%"
"20240520 Mercadona 56,85 Ôé¼.pdf","C/ MENORCA (C.C. AQUA) 19","46023","VALENCIA","963319378","20/05/2024","19:02","75610","3075-014-405598","56,85","077763746","A0000000041010","535199","3030","0%, 5%, 10%"
"20240523 Mercadona 37,10 .pdf","C/ PINTOR PERIS ARAGÓ 34","46120","ALBORAIA/ALBORAYA","961204862","23/05/2024","20:23","224140","4523-015-433003","37,10","036426237","A0000000041010","235653","3030","0%, 10%, 21%"
"20240523 Mercadona 63,87 Ôé¼.pdf","C/ MENORCA (C.C. AQUA) 19","46023","VALENCIA","963319378","23/05/2024","21:02","324627","3075-014-407209","63,87","077763746","A0000000041010","941789","3030","0%, 5%, 10%, 21%"
"20240525 Mercadona 34,76 Ôé¼.pdf","C/ MENORCA (C.C. AQUA) 19","46023","VALENCIA","963319378","25/05/2024","11:31","346187","3075-016-221704","34,76","077763746","A0000000041010","489902","3030","0%, 10%, 21%"
"20240530 Mercadona 2,20 Ôé¼.pdf","C/ MENORCA (C.C. AQUA) 19","46023","VALENCIA","963319378","30/05/2024","21:20","295966","3075-013-705334","2,20","077763746","A0000000041010","813506","3030","10%"
"20240530 Mercadona 66,37 .pdf","C/ PINTOR PERIS ARAGÓ 34","46120","ALBORAIA/ALBORAYA","961204862","30/05/2024","14:56","214713","4523-019-070987","66,37","036426237","A0000000041010","634820","3030","0%, 10%, 21%"
"20240601 Mercadona 45,61 Ôé¼.pdf","C/ VALENCIA S/N","03178","BENIJOFAR","966713008","01/06/2024","14:19","1260358","3095-012-330410","45,61","047072319","A0000000041010","349457","3030","0%, 10%, 21%"
"20240603 Mercadona 42,20 Ôé¼.pdf","C/ MENORCA (C.C. AQUA) 19","46023","VALENCIA","963319378","03/06/2024","19:22","3646962","3075-012-023681","42,20","077763746","A0000000041010","356508","3030","0%, 5%, 10%, 21%"
"20240604 Mercadona 25,55 .pdf","C/ PINTOR PERIS ARAGÓ 34","46120","ALBORAIA/ALBORAYA","961204862","04/06/2024","19:46","118811","4523-013-075234","25,55","036426237","A0000000041010","462253","3030","0%, 10%, 21%"
"20240610 Mercadona 1,75 Ôé¼.pdf","C/ MENORCA (C.C. AQUA) 19","46023","VALENCIA","963319378","10/06/2024","20:42","973863","3075-014-414192","1,75","077763746","A0000000041010","937705","3030","0%"
"20240610 Mercadona 38,67 Ôé¼.pdf","C/ MENORCA (C.C. AQUA) 19","46023","VALENCIA","963319378","10/06/2024","20:41","973863","3075-014-414191","38,67","077763746","A0000000041010","915391","3030","0%, 10%"
"20240611 Mercadona 12,27 .pdf","C/ PINTOR PERIS ARAGÓ 34","46120","ALBORAIA/ALBORAYA","961204862","11/06/2024","20:36","675697","4523-021-456606","12,27","036426237","A0000000041010","364453","3030","0%, 10%, 21%"
"20240611 Mercadona 5,54 Ôé¼.pdf","C/ VICENTE BRULL 81","46011","VALENCIA","963720901","11/06/2024","14:29","3980229","2457-013-550829","5,54","098100761","A0000000041010","940093","3030","0%, 5%"
"20240613 Mercadona 61,01 .pdf","C/ PINTOR PERIS ARAGÓ 34","46120","ALBORAIA/ALBORAYA","961204862","13/06/2024","20:50","2147134","4523-019-073463","61,01","036426237","A0000000041010","505353","3030","0%, 10%, 21%"
"20240614 Mercadona 18,56 .pdf","C/ PINTOR PERIS ARAGÓ 34","46120","ALBORAIA/ALBORAYA","961204862","14/06/2024","09:53","000000","4523-014-084320","18,56","036426237","A0000000041010","530953","3030","0%, 10%, 21%"
"20240617 Mercadona 66,49.pdf","C/ QUART 120","46008","VALENCIA","963824500","17/06/2024","20:27","3599080","2502-010-552444","66,49","098101017","A0000000041010","845763","3030","0%, 10%, 21%"
"20240618 Mercadona 86,75 Ôé¼.pdf","C/ MENORCA (C.C. AQUA) 19","46023","VALENCIA","963319378","18/06/2024","20:27","973863","3075-016-228718","86,75","077763746","A0000000041010","240641","3030","0%, 5%, 10%"
"20240619 Mercadona 7,57.pdf","C/ QUART 120","46008","VALENCIA","963824500","19/06/2024","20:17","1471877","2502-022-840221","7,57","098101017","A0000000041010","040158","3030","0%, 10%, 21%"
"20240620 Mercadona 27,09.pdf","C/ QUART 120","46008","VALENCIA","963824500","20/06/2024","18:33","1123958","2502-013-311645","27,09","098101017","A0000000041010","233777","3030","0%, 5%, 10%"
"20240620 Mercadona 37,10 .pdf","C/ PINTOR PERIS ARAGÓ 34","46120","ALBORAIA/ALBORAYA","961204862","20/06/2024","17:26","2177362","4523-010-245047","37,10","036426237","A0000000041010","260253","3030","0%, 10%, 21%"
"20240622 Mercadona 8,60.pdf","C/ QUART 120","46008","VALENCIA","963824500","22/06/2024","18:54","3599080","2502-014-118150","8,60","098101017","A0000000041010","274174","3030","21%"
"20240625 Mercadona 34,46.pdf","C/ QUART 120","46008","VALENCIA","963824500","25/06/2024","20:19","1471877","2502-015-076326","34,46","098101017","A0000000041010","539999","3030","0%, 10%"
"20240626 Mercadona 17,33 Ôé¼.pdf","C/ MENORCA (C.C. AQUA) 19","46023","VALENCIA","963319378","26/06/2024","20:09","3496262","3075-011-861551","17,33","077763746","A0000000041010","385232","3030","0%, 10%, 21%"
"20240626 Mercadona 74,25 .pdf","C/ PINTOR PERIS ARAGÓ 34","46120","ALBORAIA/ALBORAYA","961204862","26/06/2024","20:23","2147134","4523-019-075372","74,25","036426237","A0000000041010","234253","3030","0%, 10%, 21%"
"20240702 Mercadona 187,52 Ôé¼.pdf","C/ VICENTE BRULL 81","46011","VALENCIA","963720901","02/07/2024","21:21","3980229","2457-017-538428","187,52","098100761","A0000000041010","095101","3030","0%, 5%, 10%, 21%"
"20240704 Mercadona 27,67 Ôé¼.pdf","C/ VICENTE BRULL 81","46011","VALENCIA","963720901","04/07/2024","20:16","3980229","2457-016-481518","27,67","098100761","A0000000041010","009827","3030","0%, 10%, 21%"
"20240704 Mercadona 38,42.pdf","C/ QUART 120","46008","VALENCIA","963824500","04/07/2024","20:53","543026","2502-015-080638","38,42","098101017","A0000000041010","196498","3030","0%, 10%"
"20240708 Mercadona 45,11.pdf","C/ QUART 120","46008","VALENCIA","963824500","08/07/2024","20:17","461428","2502-010-562900","45,11","098101017","A0000000041010","656738","3030","0%, 10%"
"20240713 Mercadona 33,03.pdf","C/ QUART 120","46008","VALENCIA","963824500","13/07/2024","12:32","3646731","2502-023-219215","33,03","098101017","A0000000041010","758256","3030","0%, 10%"
"20240723 Mercadona 26,98.pdf","C/ ROGER DE LAURIA 19","46002","VALENCIA","963941051","23/07/2024","20:16","3909565","3856-013-732837","26,98","006646004","A0000000041010","579300","3030","0%, 5%, 10%"
"20240724 Mercadona 55,22 Ôé¼.pdf","C/ VICENTE BRULL 81","46011","VALENCIA","963720901","24/07/2024","20:15","3980229","2457-018-568303","55,22","098100761","A0000000041010","915228","3030","0%, 10%, 21%"
"20240727 Mercadona 68,32 Ôé¼.pdf","C/ MENORCA (C.C. AQUA) 19","46023","VALENCIA","963319378","27/07/2024","11:15","3892295","3075-010-772349","68,32","077763746","A0000000041010","749154","3030","0%, 10%"
"20240729 Mercadona 29,79.pdf","C/ QUART 120","46008","VALENCIA","963824500","29/07/2024","20:07","461428","2502-010-573802","29,79","098101017","A0000000041010","466154","3030","0%, 5%, 10%"
"20240803 Mercadona 39,39 Ôé¼.pdf","C/ REYES CATÓLICOS 18","46450","BENIFAIO","961794334","03/08/2024","13:05","1272876","2660-022-295176","39,39","098102650","A0000000031010","713793","3030","0%, 10%, 21%"
"20240803 Mercadona 4,84 Ôé¼.pdf","C/ GENERAL AVILÉS 79","46015","VALENCIA","963462056","03/08/2024","18:53","112684","3106-011-834976","4,84","003990058","A0000000041010","032498","3030","0%"
"20240803 Mercadona 59,62 Ôé¼.pdf","C/ VALENCIA S/N","03178","BENIJOFAR","966713008","03/08/2024","19:38","513315","3095-014-398573","59,62","047072319","A0000000041010","725787","3030","0%, 10%, 21%"
"20240808 Mercadona 35,38.pdf","C/ QUART 120","46008","VALENCIA","963824500","08/08/2024","20:41","936518","2502-014-124720","35,38","098101017","A0000000041010","483106","3030","0%, 10%, 21%"
"20240810 Mercadona 50,14.pdf","C/ QUART 120","46008","VALENCIA","963824500","10/08/2024","18:26","746878","2502-015-099204","50,14","098101017","A0000000041010","194044","3030","0%, 10%, 21%"
"20240816 Mercadona 15,81.pdf","C/ QUART 120","46008","VALENCIA","963824500","16/08/2024","13:52","3826845","2502-010-582456","15,81","098101017","A0000000041010","117031","3030","0%, 10%, 21%"
"20240816 Mercadona 54,12.pdf","C/ QUART 120","46008","VALENCIA","963824500","16/08/2024","21:26","746878","2502-014-125775","54,12","098101017","A0000000041010","392699","3030","0%, 10%, 21%"
"20240817 Mercadona 7,12.pdf","C/ QUART 120","46008","VALENCIA","963824500","17/08/2024","14:28","509058","2502-014-125900","7,12","098101017","A0000000041010","706236","3030","0%"
"20240819 Mercadona 28,21.pdf","C/ QUART 120","46008","VALENCIA","963824500","19/08/2024","14:22","509058","2502-014-126109","28,21","098101017","A0000000041010","121074","3030","5%, 10%"
"20240828 Mercadona 25,49 Ôé¼.pdf","C/ MENORCA (C.C. AQUA) 19","46023","VALENCIA","963319378","28/08/2024","12:30","3840529","3075-016-245912","25,49","077763746","A0000000041010","000660","00","0%, 10%, 21%"
"20240904 Mercadona 101,33 Ôé¼.pdf","C/ MENORCA (C.C. AQUA) 19","46023","VALENCIA","963319378","04/09/2024","20:43","3603171","3075-014-446588","101,33","077763746","A0000000041010","425256","00","0%, 5%, 10%, 21%"
"20240904 Mercadona 52,12 Ôé¼.pdf","AVDA. MEDINA AZAHARA 2","04620","VERA","950617434","04/09/2024","20:02","3828902","3402-010-725579","52,12","003777570","A0000000031010","287589","00","0%, 10%, 21%"
"20240909 Mercadona 79,87 .pdf","C/ PINTOR PERIS ARAGÓ 34","46120","ALBORAIA/ALBORAYA","961204862","09/09/2024","20:53","1315897","4523-019-087622","79,87","036426237","A0000000041010","525753","00","0%, 10%, 21%"
"20240911 Mercadona 24,02 .pdf","C/ PINTOR PERIS ARAGÓ 34","46120","ALBORAIA/ALBORAYA","961204862","11/09/2024","19:35","4060353","4523-019-088189","24,02","036426237","A0000000041010","351053","00","0%, 10%, 21%"
"20240914 Mercadona 40,16 Ôé¼.pdf","C/ VALENCIA S/N","03178","BENIJOFAR","966713008","14/09/2024","18:00","3017531","3095-014-407718","40,16","047072319","A0000000041010","639825","00","0%, 10%, 21%"
"20240916 Mercadona 2,02 Ôé¼.pdf","C/ GENERAL AVILÉS 79","46015","VALENCIA","963462056","16/09/2024","12:13","2962740","3106-012-730797","2,02","003990058","A0000000041010","584187","00","5%, 10%"
"20240917 Mercadona 24,68 Ôé¼.pdf","C/ MENORCA (C.C. AQUA) 19","46023","VALENCIA","963319378","17/09/2024","20:57","3603171","3075-016-250968","24,68","077763746","A0000000041010","476706","00","0%, 10%, 21%"
"20240921 Mercadona 146,56 Ôé¼.pdf","C/ MANUEL CANDELA 16","46021","VALENCIA","961624385","21/09/2024","19:19","411092","4583-020-413400","146,56","034903138","A0000000041010","170241","00","0%, 10%, 21%"
"20240930 Mercadona 57,02 .pdf","C/ PINTOR PERIS ARAGÓ 34","46120","ALBORAIA/ALBORAYA","961204862","30/09/2024","20:02","3558720","4523-021-516718","57,02","036426237","A0000000041010","021853","00","0%, 10%, 21%"
"20241001 Mercadona 43,86 .pdf","C/ PINTOR PERIS ARAGÓ 34","46120","ALBORAIA/ALBORAYA","961204862","01/10/2024","19:42","2147134","4523-019-092977","43,86","036426237","A0000000041010","415953","00","2%, 10%, 21%"
"20241003 Mercadona 50,72 .pdf","C/ PINTOR PERIS ARAGÓ 34","46120","ALBORAIA/ALBORAYA","961204862","03/10/2024","20:30","3948648","4523-016-319287","50,72","036426237","A0000000041010","301653","00","2%, 10%, 21%"
"20241003 Mercadona 8,15 .pdf","C/ PINTOR PERIS ARAGÓ 34","46120","ALBORAIA/ALBORAYA","961204862","03/10/2024","13:42","675697","4523-019-093422","8,15","036426237","A0000000041010","422753","00","10%"
"20241005 Mercadona 85,31 Ôé¼.pdf","C/ REYES CATÓLICOS 18","46450","BENIFAIO","961794334","05/10/2024","12:26","1172149","2660-022-302971","85,31","098102650","A0000000031010","612141","00","2%, 5%, 10%, 21%"
"20241007 Mercadona 21,79 .pdf","C/ PINTOR PERIS ARAGÓ 34","46120","ALBORAIA/ALBORAYA","961204862","07/10/2024","15:22","4025175","4523-016-320802","21,79","036426237","A0000000041010","681823","00","2%, 5%, 10%, 21%"
"20241008 Mercadona 12,41 .pdf","C/ PINTOR PERIS ARAGÓ 34","46120","ALBORAIA/ALBORAYA","961204862","08/10/2024","20:44","481195","4523-013-101483","12,41","036426237","A0000000041010","008510","00","2%, 10%"
"20241008 Mercadona 30,09 Ôé¼.pdf","C/ QUART 120","46008","VALENCIA","963824500","08/10/2024","15:16","461428","2502-015-127900","30,09","098101017","A0000000031010","365311","00","2%, 10%, 21%"
"20241012 Mercadona 79,70 Ôé¼.pdf","C/ PINTOR MAELLA 3","46023","VALENCIA","962564516","12/10/2024","11:51","685540","3957-014-421780","79,70","047199765","A0000000041010","665373","00","2%, 5%, 10%"
"20241014 Mercadona 1,56 Ôé¼.pdf","C/ GENERAL AVILÉS 79","46015","VALENCIA","963462056","14/10/2024","13:42","1739199","3106-010-264927","1,56","003990058","A0000000041010","157999","00","10%"
"20241014 Mercadona 24,38 .pdf","C/ PINTOR PERIS ARAGÓ 34","46120","ALBORAIA/ALBORAYA","961204862","14/10/2024","18:34","675488","4523-015-497437","24,38","036426237","A0000000041010","325374","00","2%, 4%, 5%, 10%, 21%"
"20241017 Mercadona 15,07 .pdf","C/ PINTOR PERIS ARAGÓ 34","46120","ALBORAIA/ALBORAYA","961204862","17/10/2024","20:19","1272722","4523-021-525741","15,07","036426237","A0000000041010","666226","00","2%, 10%, 21%"
"20241022 Mercadona 68,21 .pdf","C/ PINTOR PERIS ARAGÓ 34","46120","ALBORAIA/ALBORAYA","961204862","22/10/2024","19:15","3943896","4523-011-024632","68,21","036426237","A0000000041010","365905","00","2%, 5%, 10%, 21%"
"20241025 Mercadona 28,54 .pdf","C/ PINTOR PERIS ARAGÓ 34","46120","ALBORAIA/ALBORAYA","961204862","25/10/2024","21:22","3948648","4523-016-329718","28,54","036426237","A0000000041010","336166","00","2%, 10%, 21%"
"20241026 Mercadona 20,99 Ôé¼.pdf","C/ RÍO ESCALONA 25","46023","VALENCIA","963375194","26/10/2024","12:37","1612017","2720-022-192578","20,99","098101942","A0000000041010","048680","00","2%, 21%"
"20241026 Mercadona 46,72 Ôé¼.pdf","C/ VALENCIA S/N","03178","BENIJOFAR","966713008","26/10/2024","19:41","3809553","3095-016-213578","46,72","047072319","A0000000041010","463804","00","2%, 10%, 21%"
"20241026 Mercadona 7,59 .pdf","C/ PINTOR PERIS ARAGÓ 34","46120","ALBORAIA/ALBORAYA","961204862","26/10/2024","12:21","321080","4523-014-107613","7,59","036426237","A0000000041010","066894","00","10%, 21%"
"20241030 Mercadona 18,91 Ôé¼.pdf","C/ MENORCA (C.C. AQUA) 19","46023","VALENCIA","963319378","30/10/2024","11:09","2959660","3075-015-469818","18,91","077763746","A0000000041010","365452","00","2%, 10%"
"20241030 Mercadona 23,51 Ôé¼.pdf","C/ QUART 120","46008","VALENCIA","963824500","30/10/2024","17:40","1001649","2502-010-620822","23,51","098101017","A0000000031010","107041","00","2%, 5%, 10%"
"20241030 Mercadona 47,59 .pdf","C/ PINTOR PERIS ARAGÓ 34","46120","ALBORAIA/ALBORAYA","961204862","30/10/2024","14:25","996472","4523-021-532662","47,59","036426237","A0000000041010","574781","00","2%, 10%, 21%"
"20241106 Mercadona 22,71 Ôé¼.pdf","C/ MENORCA (C.C. AQUA) 19","46023","VALENCIA","963319378","06/11/2024","21:00","973863","3075-010-840211","22,71","077763746","A0000000041010","598088","00","2%, 10%"
"20241106 Mercadona 57,01 .pdf","C/ PINTOR PERIS ARAGÓ 34","46120","ALBORAIA/ALBORAYA","961204862","06/11/2024","19:15","1335279","4523-016-335109","57,01","036426237","A0000000041010","151953","00","2%, 4%, 10%, 21%"
"20241109 Mercadona 45,72 Ôé¼.pdf","C/ PINTOR MAELLA 3","46023","VALENCIA","962564516","09/11/2024","13:02","3845094","3957-011-263555","45,72","047199765","A0000000041010","166577","00","2%, 10%"
"20241114 Mercadona 27,52 Ôé¼.pdf","C/ MENORCA (C.C. AQUA) 19","46023","VALENCIA","963319378","14/11/2024","16:29","3101252","3075-010-845309","27,52","077763746","A0000000041010","572897","00","2%, 21%"
"20241116 Mercadona 37,38 Ôé¼.pdf","PLAZA FRANCISCA NAVARRO 8","46100","BURJASSOT","963635840","16/11/2024","16:46","3737085","2448-020-712206","37,38","098101330","A0000000041010","517405","00","2%, 10%, 21%"
"20241121 Mercadona 11,98 .pdf","C/ PINTOR PERIS ARAGÓ 34","46120","ALBORAIA/ALBORAYA","961204862","21/11/2024","16:11","4025175","4523-016-342805","11,98","036426237","A0000000041010","105853","00","2%, 10%, 21%"
"20241122 Mercadona 19,70 .pdf","C/ PINTOR PERIS ARAGÓ 34","46120","ALBORAIA/ALBORAYA","961204862","22/11/2024","17:43","675697","4523-019-104827","19,70","036426237","A0000000041010","434753","00","2%, 10%, 21%"
"20241122 Mercadona 4,39 .pdf","C/ PINTOR PERIS ARAGÓ 34","46120","ALBORAIA/ALBORAYA","961204862","22/11/2024","18:04","481195","4523-015-509484","4,39","036426237","A0000000041010","045353","00","10%"
"20241123 Mercadona 38,25 Ôé¼.pdf","PLAZA FRANCISCA NAVARRO 8","46100","BURJASSOT","963635840","23/11/2024","14:49","581284","2448-022-439164","38,25","098101330","A0000000041010","972549","00","2%, 10%, 21%"
"20241125 Mercadona 28,60 Ôé¼.pdf","C/ MENORCA (C.C. AQUA) 19","46023","VALENCIA","963319378","25/11/2024","19:52","675940","3075-015-476068","28,60","077763746","A0000000041010","175823","00","2%, 10%, 21%"
"20241126 Mercadona 18,64 Ôé¼.pdf","C/ ELVIRA BOSCH S/N","46230","ALGINET","961349976","26/11/2024","18:23","2157331","4683-010-163263","18,64","038399853","A0000000031010","034547","00","2%, 5%, 10%, 21%"
"20241126 Mercadona 6,25 .pdf","C/ PINTOR PERIS ARAGÓ 34","46120","ALBORAIA/ALBORAYA","961204862","26/11/2024","16:11","481195","4523-016-345184","6,25","036426237","A0000000041010","113153","00","2%, 10%"
"20241127 Mercadona 45,94.pdf","C/ QUART 120","46008","VALENCIA","963824500","27/11/2024","20:51","461428","2502-015-154069","45,94","098101017","A0000000041010","499761","00","2%, 5%, 10%"
"20241127 Mercadona 80,01 .pdf","C/ PINTOR PERIS ARAGÓ 34","46120","ALBORAIA/ALBORAYA","961204862","27/11/2024","19:34","683056","4523-014-110371","80,01","036426237","A0000000041010","343353","00","2%, 5%, 10%, 21%"
"20241128 Mercadona 20,42 Ôé¼.pdf","C/ MENORCA (C.C. AQUA) 19","46023","VALENCIA","963319378","28/11/2024","20:29","3604887","3075-012-102718","20,42","077763746","A0000000041010","547434","00","2%, 10%, 21%"
"20241129 Mercadona 17,32 .pdf","C/ PINTOR PERIS ARAGÓ 34","46120","ALBORAIA/ALBORAYA","961204862","29/11/2024","21:24","4132106","4523-014-110533","17,32","036426237","A0000000041010","240953","00","2%, 10%"
"20241130 Mercadona 14,56 .pdf","C/ PINTOR PERIS ARAGÓ 34","46120","ALBORAIA/ALBORAYA","961204862","30/11/2024","12:53","4025175","4523-012-111564","14,56","036426237","A0000000041010","534253","00","2%, 10%, 21%"
"20241130 Mercadona 39,75 Ôé¼.pdf","PLAZA FRANCISCA NAVARRO 8","46100","BURJASSOT","963635840","30/11/2024","16:06","4058769","2448-023-360325","39,75","098101330","A0000000041010","262585","00","2%, 10%, 21%"
"20241203 Mercadona 42,44.pdf","C/ QUART 120","46008","VALENCIA","963824500","03/12/2024","14:50","3935778","2502-015-156925","42,44","098101017","A0000000041010","242685","00","2%, 10%"
"20241204 Mercadona 23,76 .pdf","C/ PINTOR PERIS ARAGÓ 34","46120","ALBORAIA/ALBORAYA","961204862","04/12/2024","09:34","4132106","4523-015-512841","23,76","036426237","A0000000041010","343753","00","2%, 10%, 21%"
"20241209 Mercadona 35,61 Ôé¼.pdf","PLAZA FRANCISCA NAVARRO 8","46100","BURJASSOT","963635840","09/12/2024","11:59","3458598","2448-022-443803","35,61","098101330","A0000000041010","948388","00","2%, 5%, 10%"
"20241209 Mercadona 37,26 Ôé¼.pdf","C/ QUART 120","46008","VALENCIA","963824500","09/12/2024","14:05","3646731","2502-010-641909","37,26","098101017","A0000000031010","754101","00","2%, 10%, 21%"
"20241209 Mercadona 54,34.pdf","C/ QUART 120","46008","VALENCIA","963824500","09/12/2024","13:31","1471877","2502-015-159203","54,34","098101017","A0000000041010","865264","00","2%, 5%, 10%"
"20241210 Mercadona 33,48 .pdf","C/ PINTOR PERIS ARAGÓ 34","46120","ALBORAIA/ALBORAYA","961204862","10/12/2024","19:05","1272722","4523-021-555014","33,48","036426237","A0000000041010","052953","00","2%, 10%, 21%"
"20241211 Mercadona 11,84.pdf","C/ QUART 120","46008","VALENCIA","963824500","11/12/2024","20:23","477060","2502-015-160811","11,84","098101017","A0000000041010","388599","00","2%, 10%"
"20241211 Mercadona 76,15 Ôé¼.pdf","C/ MANUEL CANDELA 16","46021","VALENCIA","961624385","11/12/2024","14:01","4106531","4583-010-314084","76,15","034903138","A0000000041010","495159","00","2%, 10%, 21%"
"20241213 Mercadona 46,08.pdf","C/ QUART 120","46008","VALENCIA","963824500","13/12/2024","19:59","3646731","2502-015-162083","46,08","098101017","A0000000041010","760488","00","2%, 10%"
"20241214 Mercadona 24,17.pdf","C/ QUART 120","46008","VALENCIA","963824500","14/12/2024","13:25","3935778","2502-014-148778","24,17","098101017","A0000000041010","532910","00","2%, 10%, 21%"
"20241214 Mercadona 38,68 Ôé¼.pdf","PLAZA FRANCISCA NAVARRO 8","46100","BURJASSOT","963635840","14/12/2024","15:41","401335","2448-022-446083","38,68","098101330","A0000000041010","459787","00","2%, 10%, 21%"
"20241217 Mercadona 20,28 Ôé¼.pdf","C/ QUART 120","46008","VALENCIA","963824500","17/12/2024","20:51","547888","2502-010-646868","20,28","098101017","A0000000031010","810152","00","2%, 10%"
"20241217 Mercadona 30,75 .pdf","C/ PINTOR PERIS ARAGÓ 34","46120","ALBORAIA/ALBORAYA","961204862","17/12/2024","20:05","481195","4523-015-517057","30,75","036426237","A0000000041010","050453","00","2%, 5%, 10%, 21%"
"20241220 Mercadona 38,09.pdf","C/ QUART 120","46008","VALENCIA","963824500","20/12/2024","19:59","4086401","2502-014-150569","38,09","098101017","A0000000041010","579587","00","2%, 10%"
"20241220 Mercadona 8,61 .pdf","C/ PINTOR PERIS ARAGÓ 34","46120","ALBORAIA/ALBORAYA","961204862","20/12/2024","11:35","321080","4523-019-111192","8,61","036426237","A0000000041010","345753","00","2%, 21%"
"20241221 Mercadona 26,27 Ôé¼.pdf","PLAZA FRANCISCA NAVARRO 8","46100","BURJASSOT","963635840","21/12/2024","14:38","3737085","2448-021-303874","26,27","098101330","A0000000041010","810829","00","2%, 5%, 10%, 21%"
"20241221 Mercadona 40,53.pdf","C/ QUART 120","46008","VALENCIA","963824500","21/12/2024","13:02","4130302","2502-012-493943","40,53","098101017","A0000000041010","957570","00","2%, 5%, 10%"
"20241224 Mercadona 3,08 Ôé¼.pdf","C/ MARÍA VILLANGÓMEZ 4","07840","SANTA EULÀRIA DES RIU","871901830","24/12/2024","14:52","4133514","4301-010-699320","3,08","049044936","A0000000041010","450089","00","10%"
"20241224 Mercadona 80,53 Ôé¼.pdf","C/ VALENCIA S/N","03178","BENIJOFAR","966713008","24/12/2024","11:23","635448","3095-018-060669","80,53","047072319","A0000000041010","180613","00","2%, 4%, 5%, 10%"
"20241226 Mercadona 0,77 Ôé¼.pdf","CTRA. EIVISSA A S. JOSEP S/N","07830","SANT JOSEP DE SA TALAIA","871901220","26/12/2024","17:08","3908124","3984-017-918606","0,77","047439757","A0000000041010","320898","00","10%"
"20241226 Mercadona 55,35 Ôé¼.pdf","C/ ELVIRA BOSCH S/N","46230","ALGINET","961349976","26/12/2024","11:18","3866027","4683-016-099539","55,35","038399853","A0000000031010","555924","00","2%, 4%, 10%, 21%"
"20241227 Mercadona 0,43 Ôé¼.pdf","C/ SAN VICENTE MÁRTIR 79","46007","VALENCIA","963520086","27/12/2024","12:30","1735745","2447-010-903417","0,43","098101082","A0000000041010","448740","00","10%"
"20241227 Mercadona 32,26 Ôé¼.pdf","C/ MENORCA (C.C. AQUA) 19","46023","VALENCIA","963319378","27/12/2024","11:47","4111866","3075-011-967708","32,26","077763746","A0000000041010","840031","00","2%, 10%"
"20241228 Mercadona 30,94 Ôé¼.pdf","C/ ELVIRA BOSCH S/N","46230","ALGINET","961349976","28/12/2024","14:35","951797","4683-018-027537","30,94","038399853","A0000000031010","710713","00","2%, 5%, 10%, 21%"
"20241228 Mercadona 32,50 Ôé¼.pdf","PLAZA FRANCISCA NAVARRO 8","46100","BURJASSOT","963635840","28/12/2024","17:23","3452317","2448-020-735656","32,50","098101330","A0000000041010","991931","00","2%, 4%, 10%, 21%"
"20241230 Mercadona 16,15.pdf","C/ QUART 120","46008","VALENCIA","963824500","30/12/2024","13:35","118943","2502-011-458136","16,15","098101017","A0000000041010","502676","00","2%, 10%"
"20241230 Mercadona 18,79 Ôé¼.pdf","C/ ELVIRA BOSCH S/N","46230","ALGINET","961349976","30/12/2024","21:16","4069296","4683-010-177552","18,79","038399853","A0000000031010","787391","00","2%, 10%, 21%"
"20241230 Mercadona 55,58.pdf","C/ QUART 120","46008","VALENCIA","963824500","30/12/2024","21:24","3935778","2502-014-152731","55,58","098101017","A0000000041010","675572","00","2%, 4%, 10%, 21%"
"20241231 Mercadona 34,14.pdf","C/ QUART 120","46008","VALENCIA","963824500","31/12/2024","15:58","461428","2502-012-496526","34,14","098101017","A0000000041010","484969","00","2%, 4%, 5%, 10%, 21%"
"20250102 Mercadona 37,00.pdf","C/ QUART 120","46008","VALENCIA","963824500","02/01/2025","12:33","477060","2502-022-944384","37,00","098101017","A0000000041010","986535","00","4%, 10%, 21%"
"20250104 Mercadona 22,86 Ôé¼.pdf","PLAZA FRANCISCA NAVARRO 8","46100","BURJASSOT","963635840","04/01/2025","14:37","677897","2448-027-217998","22,86","098101330","A0000000041010","816744","00","4%, 10%, 21%"
"20250107 Mercadona 48,63 .pdf","C/ PINTOR PERIS ARAGÓ 34","46120","ALBORAIA/ALBORAYA","961204862","07/01/2025","15:27","996472","4523-021-568965","48,63","036426237","A0000000041010","270553","00","4%, 10%, 21%"
"20250107 Mercadona 72,26 Ôé¼.pdf","C/ MENORCA (C.C. AQUA) 19","46023","VALENCIA","963319378","07/01/2025","18:48","675940","3075-017-197666","72,26","077763746","A0000000041010","487215","00","4%, 10%, 21%"
"20250108 Mercadona 28,20.pdf","C/ QUART 120","46008","VALENCIA","963824500","08/01/2025","20:39","1285779","2502-012-498109","28,20","098101017","A0000000041010","571386","00","4%, 10%"
"20250108 Mercadona 34,55 Ôé¼.pdf","C/ QUART 120","46008","VALENCIA","963824500","08/01/2025","20:56","1116423","2502-010-657010","34,55","098101017","A0000000031010","460252","00","4%, 10%, 21%"
"20250110 Mercadona 13,89 .pdf","C/ PINTOR PERIS ARAGÓ 34","46120","ALBORAIA/ALBORAYA","961204862","10/01/2025","21:26","4137640","4523-016-364406","13,89","036426237","A0000000041010","261953","00","4%, 10%, 21%"
"20250110 Mercadona 87,17.pdf","C/ QUART 120","46008","VALENCIA","963824500","10/01/2025","19:47","936518","2502-023-273048","87,17","098101017","A0000000041010","248084","00","4%, 10%"
"20250111 Mercadona 121,49 Ôé¼.pdf","C/ REYES CATÓLICOS 18","46450","BENIFAIO","961794334","11/01/2025","11:21","3941091","2660-025-384503","121,49","098102650","A0000000031010","280099","00","4%, 10%, 21%"
"20250111 Mercadona 35,38 Ôé¼.pdf","PLAZA FRANCISCA NAVARRO 8","46100","BURJASSOT","963635840","11/01/2025","15:27","3876752","2448-020-741966","35,38","098101330","A0000000041010","352263","00","4%, 10%, 21%"
"20250113 Mercadona 25,42.pdf","C/ QUART 120","46008","VALENCIA","963824500","13/01/2025","20:44","3260928","2502-014-155576","25,42","098101017","A0000000041010","839400","00","4%, 10%"
"20250115 Mercadona 28,76 Ôé¼.pdf","AVDA. VALLE DE LA BALLESTERA 58","46015","VALENCIA","961623567","15/01/2025","17:48","112684","4756-010-019310","28,76","051623551","A0000000041010","114920","00","4%, 10%, 21%"
"20250118 Mercadona 45,09.pdf","C/ QUART 120","46008","VALENCIA","963824500","18/01/2025","12:36","2899700","2502-022-953285","45,09","098101017","A0000000041010","588934","00","4%, 10%, 21%"
"20250118 Mercadona 55,52.pdf","C/ QUART 120","46008","VALENCIA","963824500","18/01/2025","13:21","1116423","2502-013-352484","55,52","098101017","A0000000041010","315900","00","4%, 10%"
"20250121 Mercadona 3,90 Ôé¼.pdf","C/ DEL COMERÇ (POL.IND. ALCODAR) 11","46701","GANDIA","962865711","21/01/2025","15:06","973214","2610-014-648930","3,90","063248033","A0000000031010","989358","00","10%"
"20250124 Mercadona 33,51 Ôé¼.pdf","C/ MENORCA (C.C. AQUA) 19","46023","VALENCIA","963319378","24/01/2025","20:55","3101252","3075-015-490245","33,51","077763746","A0000000041010","919892","00","4%, 10%"
"20250125 Mercadona 12,56 Ôé¼.pdf","C/ REYES CATÓLICOS 18","46450","BENIFAIO","961794334","25/01/2025","15:34","1172149","2660-022-316122","12,56","098102650","A0000000031010","485496","00","4%, 10%, 21%"
"20250125 Mercadona 43,69 Ôé¼.pdf","C/ ELVIRA BOSCH S/N","46230","ALGINET","961349976","25/01/2025","19:13","3866027","4683-010-189087","43,69","038399853","A0000000031010","551018","00","4%, 10%, 21%"
"20250125 Mercadona 47,08.pdf","C/ QUART 120","46008","VALENCIA","963824500","25/01/2025","12:21","1471877","2502-015-182552","47,08","098101017","A0000000041010","460421","00","4%, 10%"
"20250125 Mercadona 50,72 Ôé¼.pdf","PLAZA FRANCISCA NAVARRO 8","46100","BURJASSOT","963635840","25/01/2025","15:25","1336203","2448-025-220257","50,72","098101330","A0000000041010","752405","00","4%, 10%, 21%"
"20250125 Mercadona 6,27 Ôé¼.pdf","C/ VALENCIA S/N","03178","BENIJOFAR","966713008","25/01/2025","18:19","766250","3095-015-378024","6,27","047072319","A0000000041010","946784","00","4%, 21%"
"20250127 Mercadona 25,07.pdf","C/ QUART 120","46008","VALENCIA","963824500","27/01/2025","19:49","375530","2502-010-666589","25,07","098101017","A0000000041010","166262","00","4%, 10%"
"20250128 Mercadona 36,84 .pdf","C/ PINTOR PERIS ARAGÓ 34","46120","ALBORAIA/ALBORAYA","961204862","28/01/2025","17:06","1335279","4523-015-530056","36,84","036426237","A0000000041010","062653","00","4%, 10%, 21%"
"20250129 Mercadona 44,66.pdf","C/ QUART 120","46008","VALENCIA","963824500","29/01/2025","17:51","745899","2502-012-503065","44,66","098101017","A0000000041010","868365","00","4%, 10%"
"20250201 Mercadona 31,77 Ôé¼.pdf","PLAZA FRANCISCA NAVARRO 8","46100","BURJASSOT","963635840","01/02/2025","16:54","429638","2448-022-461683","31,77","098101330","A0000000041010","229278","00","4%, 10%"
"20250201 Mercadona 50,64.pdf","C/ QUART 120","46008","VALENCIA","963824500","01/02/2025","13:34","543026","2502-014-159626","50,64","098101017","A0000000041010","684299","00","4%, 10%"
"20250203 Mercadona 57,13.pdf","C/ QUART 120","46008","VALENCIA","963824500","03/02/2025","19:50","1254066","2502-013-355689","57,13","098101017","A0000000041010","032396","00","4%, 10%"
"20250203 Mercadona 61,36 Ôé¼.pdf","AVDA. BLASCO IBÁÑEZ 95","46360","BUÑOL","961258338","03/02/2025","16:39","1490907","4727-016-180936","61,36","097932743","A0000000041010","481890","00","4%, 10%, 21%"
"20250204 Mercadona 29,55.pdf","C/ QUART 120","46008","VALENCIA","963824500","04/02/2025","17:46","3826845","2502-010-671226","29,55","098101017","A0000000041010","997089","00","4%, 10%"
"20250205 Mercadona 16,94 Ôé¼.pdf","PLAZA FRANCISCA NAVARRO 8","46100","BURJASSOT","963635840","05/02/2025","16:11","3452317","2448-021-317834","16,94","098101330","A0000000041010","663988","00","4%, 10%, 21%"
"20250206 Mercadona 20,10 Ôé¼.pdf","AVDA. BLASCO IBÁÑEZ 95","46360","BUÑOL","961258338","06/02/2025","19:29","1110912","4727-017-043436","20,10","097932743","A0000000041010","034637","00","10%"
"20250207 Mercadona 56,63 Ôé¼.pdf","AVDA. BLASCO IBÁÑEZ 95","46360","BUÑOL","961258338","07/02/2025","18:17","3835535","4727-010-287797","56,63","097932743","A0000000041010","715021","00","4%, 10%"
"20250208 Mercadona 18,90 Ôé¼.pdf","AVDA. BLASCO IBÁÑEZ 95","46360","BUÑOL","961258338","08/02/2025","21:32","3835535","4727-010-288571","18,90","097932743","A0000000041010","017256","00","10%, 21%"
"20250208 Mercadona 3,07 Ôé¼.pdf","PLAZA FRANCISCA NAVARRO 8","46100","BURJASSOT","963635840","08/02/2025","09:50","1007138","2448-020-758226","3,07","098101330","A0000000041010","809020","00","4%"
"20250208 Mercadona 32,43 Ôé¼.pdf","PLAZA FRANCISCA NAVARRO 8","46100","BURJASSOT","963635840","08/02/2025","09:44","677897","2448-024-392901","32,43","098101330","A0000000041010","875265","00","4%, 10%, 21%"
"20250212 Mercadona 42,40 Ôé¼.pdf","AVDA. BLASCO IBÁÑEZ 95","46360","BUÑOL","961258338","12/02/2025","18:51","1460790","4727-013-075709","42,40","097932743","A0000000041010","665158","00","4%, 10%, 21%"
"20250212 Mercadona 95,65.pdf","C/ QUART 120","46008","VALENCIA","963824500","12/02/2025","19:02","3906628","2502-023-284171","95,65","098101017","A0000000041010","775851","00","4%, 10%, 21%"
"20250213 Mercadona 15,35.pdf","C/ QUART 120","46008","VALENCIA","963824500","13/02/2025","21:11","1638153","2502-013-357665","15,35","098101017","A0000000041010","858518","00","4%, 10%"
"20250214 Mercadona 60,33 Ôé¼.pdf","AVDA. BLASCO IBÁÑEZ 95","46360","BUÑOL","961258338","14/02/2025","18:30","1460790","4727-014-060239","60,33","097932743","A0000000041010","748697","00","4%, 10%, 21%"
"20250215 Mercadona 23,34.pdf","C/ QUART 120","46008","VALENCIA","963824500","15/02/2025","14:24","1116423","2502-011-463969","23,34","098101017","A0000000041010","242966","00","4%, 21%"
"20250215 Mercadona 40,55 Ôé¼.pdf","PLAZA FRANCISCA NAVARRO 8","46100","BURJASSOT","963635840","15/02/2025","09:35","337601","2448-022-466547","40,55","098101330","A0000000041010","657038","00","4%, 10%, 21%"
"20250217 Mercadona 67,14 Ôé¼.pdf","AVDA. BLASCO IBÁÑEZ 95","46360","BUÑOL","961258338","17/02/2025","17:54","1486188","4727-012-133661","67,14","097932743","A0000000041010","512495","00","4%, 10%, 21%"
"20250221 Mercadona 103,19 Ôé¼.pdf","AVDA. BLASCO IBÁÑEZ 95","46360","BUÑOL","961258338","21/02/2025","12:51","1481337","4727-020-007267","103,19","097932743","A0000000041010","373131","00","4%, 10%, 21%"
"20250222 Mercadona 40,82 Ôé¼.pdf","PLAZA FRANCISCA NAVARRO 8","46100","BURJASSOT","963635840","22/02/2025","09:34","429638","2448-021-323384","40,82","098101330","A0000000041010","065437","00","4%, 10%, 21%"
"20250222 Mercadona 63,00.pdf","C/ QUART 120","46008","VALENCIA","963824500","22/02/2025","15:20","461428","2502-010-682028","63,00","098101017","A0000000041010","423752","00","4%, 10%, 21%"
"20250224 Mercadona 70,02 Ôé¼.pdf","AVDA. BLASCO IBÁÑEZ 95","46360","BUÑOL","961258338","24/02/2025","18:41","1484681","4727-011-037963","70,02","097932743","A0000000041010","568113","00","4%, 10%, 21%"
"20250224 Mercadona 75,48 Ôé¼.pdf","AVDA. VALLE DE LA BALLESTERA 58","46015","VALENCIA","961623567","24/02/2025","18:05","663234","4756-026-018197","75,48","051623551","A0000000041010","120646","00","4%, 10%, 21%"
"20250225 Mercadona 14,07 Ôé¼.pdf","PLAZA FRANCISCA NAVARRO 8","46100","BURJASSOT","963635840","25/02/2025","14:58","407077","2448-020-768395","14,07","098101330","A0000000041010","303330","00","4%, 10%"
"20250226 Mercadona 40,46.pdf","C/ QUART 120","46008","VALENCIA","963824500","26/02/2025","19:34","543026","2502-012-509919","40,46","098101017","A0000000041010","257940","00","4%, 10%, 21%"
"20250226 Mercadona 8,68 Ôé¼.pdf","AVDA. VALLE DE LA BALLESTERA 58","46015","VALENCIA","961623567","26/02/2025","17:34","894597","4756-020-038613","8,68","051623551","A0000000041010","054341","00","4%, 10%, 21%"
"20250227 Mercadona 25,05 Ôé¼.pdf","AVDA. BLASCO IBÁÑEZ 95","46360","BUÑOL","961258338","27/02/2025","18:33","055044","4727-010-298005","25,05","097932743","A0000000041010","695308","00","4%, 10%, 21%"
"20250228 Mercadona 40,41.pdf","C/ QUART 120","46008","VALENCIA","963824500","28/02/2025","20:16","3906628","2502-012-510381","40,41","098101017","A0000000041010","595833","00","4%, 10%"
"20250301 Mercadona 30,15.pdf","C/ QUART 120","46008","VALENCIA","963824500","01/03/2025","12:59","1001693","2502-021-173156","30,15","098101017","A0000000041010","767036","00","4%, 10%, 21%"
"20250301 Mercadona 35,10 Ôé¼.pdf","PLAZA FRANCISCA NAVARRO 8","46100","BURJASSOT","963635840","01/03/2025","11:25","4016650","2448-021-325168","35,10","098101330","A0000000041010","165720","00","4%, 10%, 21%"
"20250303 Mercadona 105,91 Ôé¼.pdf","AVDA. BLASCO IBÁÑEZ 95","46360","BUÑOL","961258338","03/03/2025","19:10","4111570","4727-010-299768","105,91","097932743","A0000000041010","658380","00","4%, 10%, 21%"
"20250303 Mercadona 72,60.pdf","C/ QUART 120","46008","VALENCIA","963824500","03/03/2025","19:52","1254066","2502-015-203638","72,60","098101017","A0000000041010","333500","00","4%, 10%, 21%"
"20250305 Mercadona 52,91 Ôé¼.pdf","AVDA. MEDINA AZAHARA 2","04620","VERA","950617434","05/03/2025","19:06","1474320","3402-013-240601","52,91","003777570","A0000000031010","497299","00","4%, 10%, 21%"
"20250306 Mercadona 19,57 Ôé¼.pdf","CARRERA MALILLA S/N","46026","VALENCIA","963345506","06/03/2025","20:27","1424137","2544-014-185328","19,57","098101132","A0000000031010","570422","00","4%, 10%, 21%"
"20250306 Mercadona 66,43 Ôé¼.pdf","AVDA. BLASCO IBÁÑEZ 95","46360","BUÑOL","961258338","06/03/2025","18:34","2901943","4727-010-301363","66,43","097932743","A0000000041010","674486","00","4%, 10%, 21%"
"20250308 Mercadona 19,85 Ôé¼.pdf","C/ MARIANO DE CAVIA 32","46014","VALENCIA","963788582","08/03/2025","13:24","526317","2658-020-449529","19,85","098101058","A0000000041010","049375","00","4%, 10%, 21%"
"20250308 Mercadona 20,80 Ôé¼.pdf","C/ JERÓNIMO MONSORIU 60","46022","VALENCIA","963309941","08/03/2025","20:33","929050","2689-014-382930","20,80","098102387","A0000000031010","739328","00","10%"
"20250308 Mercadona 25,50 Ôé¼.pdf","CARRERA MALILLA S/N","46026","VALENCIA","963345506","08/03/2025","18:55","3294423","2544-010-215667","25,50","098101132","A0000000031010","258151","00","4%, 10%"
"20250308 Mercadona 33,83 Ôé¼.pdf","PLAZA FRANCISCA NAVARRO 8","46100","BURJASSOT","963635840","08/03/2025","11:30","655105","2448-020-774900","33,83","098101330","A0000000041010","253770","00","4%, 10%"
"20250308 Mercadona 51,19 Ôé¼.pdf","AVDA. MEDINA AZAHARA 2","04620","VERA","950617434","08/03/2025","13:29","1474320","3402-017-062158","51,19","003777570","A0000000031010","611983","00","4%, 10%, 21%"
"20250310 Mercadona 38,62 Ôé¼.pdf","AVDA. VALLE DE LA BALLESTERA 58","46015","VALENCIA","961623567","10/03/2025","17:59","3847020","4756-020-043415","38,62","051623551","A0000000041010","346222","00","4%, 10%"
"20250312 Mercadona 22,12 Ôé¼.pdf","PLAZA FRANCISCA NAVARRO 8","46100","BURJASSOT","963635840","12/03/2025","15:53","3452317","2448-020-777181","22,12","098101330","A0000000041010","628447","00","4%, 10%"
"20250312 Mercadona 8,00 Ôé¼.pdf","CARRERA MALILLA S/N","46026","VALENCIA","963345506","12/03/2025","19:49","581526","2544-020-287174","8,00","098101132","A0000000031010","799041","00","4%, 10%"
"20250314 Mercadona 40,73 Ôé¼.pdf","AVDA. VALLE DE LA BALLESTERA 58","46015","VALENCIA","961623567","14/03/2025","17:04","1094104","4756-026-024041","40,73","051623551","A0000000041010","665240","00","4%, 10%"
"20250314 Mercadona 49,42 Ôé¼.pdf","CARRERA MALILLA S/N","46026","VALENCIA","963345506","14/03/2025","12:17","1424137","2544-011-962678","49,42","098101132","A0000000031010","372411","00","4%, 10%, 21%"
"20250315 Mercadona 20,12 Ôé¼.pdf","CARRERA MALILLA S/N","46026","VALENCIA","963345506","15/03/2025","12:07","1121725","2544-021-551657","20,12","098101132","A0000000031010","272201","00","4%, 10%, 21%"
"20250315 Mercadona 35,42 Ôé¼.pdf","PLAZA FRANCISCA NAVARRO 8","46100","BURJASSOT","963635840","15/03/2025","16:14","655105","2448-020-779245","35,42","098101330","A0000000041010","099265","00","4%, 10%, 21%"
"20250315 Mercadona 41,84 Ôé¼.pdf","CARRERA MALILLA S/N","46026","VALENCIA","963345506","15/03/2025","10:08","939389","2544-013-087732","41,84","098101132","A0000000031010","080201","00","4%, 10%"
